id,pharmacy_name,address,latitude,longitude,phone_number,opening_time,closing_time,rating
1,CarePlus Pharmacy #1,"3178 Gallegos Mill, Pricechester, MT 69728",11.058939657565832,77.01211952413564,586.958.4568x1423,08:00,22:00,4.61
2,WellCare Medical #2,"87273 Lynch Pike, Lake Scottside, MS 00998",10.99554392164037,77.07062096424413,(427)993-8946x3182,08:00,22:00,4.53
3,WellCare Medical #3,"13695 Elliott Fort, New Erikhaven, IA 85639",11.036250473903442,77.0202597909571,943.334.9953x114,08:00,22:00,4.4
4,CarePlus Pharmacy #4,"970 Johnson Ways Apt. 879, Nicholasport, NC 48474",11.021029351265605,77.06271061697369,001-743-807-8976x11783,08:00,22:00,4.19
5,WellCare Medical #5,"00787 Christopher Estates, Stevenland, IN 70910",10.999786182546169,77.0194066788431,417-593-5126x1164,08:00,22:00,3.85
6,Apollo Pharmacy #6,"84790 Victor Curve Apt. 110, Port Teresa, LA 74368",11.059657442220262,77.02063947280422,(439)336-2833,08:00,22:00,3.59
7,LifeLine Pharmacy #7,"8372 Jesse Way Suite 340, West Carlaton, VA 02773",11.07231182447083,76.9886732402995,001-702-634-1864x99092,08:00,22:00,4.82
8,Apollo Pharmacy #8,"949 Joshua Haven, South Ronniestad, VT 57361",10.997932624247683,76.99474132433882,9782623139,08:00,22:00,3.89
9,MedPlus #9,"383 Powell Vista Suite 489, New Michaelville, CO 67445",11.070518442418026,77.00553750583389,+1-946-771-1240x294,08:00,22:00,4.4
10,Community Pharmacy #10,"653 Horton Mews Apt. 133, South Melissa, SD 82464",11.006566286119874,77.02679144163368,240.454.8299x9776,08:00,22:00,4.61
11,WellCare Medical #11,"30701 Tasha Trail, Millerside, WI 73982",10.98817681784261,77.01466036796134,+1-984-401-6857x5616,08:00,22:00,3.59
12,NetMeds Partner #12,"33145 Jason Stream, Jessicaport, ME 94383",11.056203285406173,77.05840366601726,740.852.9723x7559,08:00,22:00,4.2
13,LifeLine Pharmacy #13,"397 Crystal Villages, West Anthony, WI 46546",11.041037970890583,77.05628693263124,001-566-845-0514x201,08:00,22:00,4.32
14,Sri Medical Store #14,"USNS Perez, FPO AP 74894",11.031960741397485,77.02897060499356,200-378-1104,08:00,22:00,4.62
15,HealthFirst Pharmacy #15,"1994 Mitchell Field, New Phillip, AZ 37735",10.98783106940911,77.01518521550494,610.824.1136x092,08:00,22:00,4.52
16,LifeLine Pharmacy #16,"84777 Boyd Mountains, East Tammyport, PW 74720",11.047760748376778,77.05558553777014,885-601-6189,08:00,22:00,4.94
17,Apollo Pharmacy #17,"6680 Boyd Groves, South Vickiland, AL 54672",11.033394080274046,77.07020335192361,(883)345-8881x45913,08:00,22:00,4.25
18,NetMeds Partner #18,"46600 David Cove, Timothyview, MI 43699",11.035368310192265,77.01891742360796,876-266-2062x9874,08:00,22:00,4.87
19,MedPlus #19,"9721 Rebekah Shores Suite 537, Murrayview, VT 32020",11.010961946369273,77.0062055198943,001-200-529-9429x45880,08:00,22:00,4.56
20,NetMeds Partner #20,"3131 Horton Ridges Apt. 553, Sethburgh, KS 60320",11.06145925464859,77.02007284021683,(499)255-3412x9261,08:00,22:00,3.64
21,Apollo Pharmacy #21,"Unit 8851 Box 9479, DPO AP 30381",11.049540907419582,77.0298990864674,208.491.8909x90168,08:00,22:00,4.36
22,CityCare Medicals #22,"4716 Teresa Locks Apt. 882, Edwardmouth, AR 28548",10.987026055726647,77.068550528252,(485)840-3835,08:00,22:00,4.24
23,Community Pharmacy #23,"075 Murray View Suite 102, Roseberg, NM 37024",11.06216044920193,77.0520061603745,(957)456-6722x1753,08:00,22:00,4.41
24,WellCare Medical #24,"893 Timothy Isle, Melendezville, UT 88149",11.003702969588472,77.05199236057805,(821)957-8258x799,08:00,22:00,4.76
25,NetMeds Partner #25,"4048 Anthony Circles, South Alan, LA 25049",10.987435758193069,76.98658676038166,001-497-699-2637x12712,08:00,22:00,4.42
26,HealthFirst Pharmacy #26,"5631 Stewart Alley Suite 438, North Kristen, DC 53600",10.99104276533616,77.02050384117469,533-965-2351,08:00,22:00,4.72
27,HealthFirst Pharmacy #27,"35005 Boone Radial Apt. 435, Mistyberg, KS 78875",11.04795902508897,77.07223252389736,001-233-378-3284x970,08:00,22:00,4.87
28,WellCare Medical #28,"9440 Robert Glen, North Deborah, LA 78596",11.008397198231144,77.04223543795284,+1-348-363-7314,08:00,22:00,4.1
29,HealthFirst Pharmacy #29,"19663 Drew Vista Apt. 202, Wongborough, OH 35054",10.984015336674506,76.98739752946052,001-239-589-1525x217,08:00,22:00,4.12
30,WellCare Medical #30,"070 Bryant Garden Apt. 469, Brownview, WV 89499",11.003793863575565,77.02562014082557,+1-991-649-4258x8443,08:00,22:00,3.64
31,WellCare Medical #31,"USNS Russell, FPO AP 50893",11.044830516086098,77.03482582605858,001-860-200-5212x702,08:00,22:00,4.9
32,Apollo Pharmacy #32,"424 Benton Corner, Lake Carlhaven, MS 97354",11.052824281781525,77.05876859597947,408-968-3668x74400,08:00,22:00,4.66
33,HealthFirst Pharmacy #33,"0409 Stacey Tunnel Suite 535, Lake Williamberg, VI 69705",11.04610767280511,76.98612538513676,(526)942-1023x8417,08:00,22:00,4.55
34,Sri Medical Store #34,"Unit 9141 Box 2605, DPO AA 41588",11.015668483668012,77.04321755180653,5464718180,08:00,22:00,4.37
35,MedPlus #35,"70767 Donna Street Suite 204, Turnermouth, CA 83339",10.991597443359646,77.05993576965112,001-916-506-8533x4174,08:00,22:00,4.15
36,Sri Medical Store #36,"338 Morgan Unions Suite 371, Foxburgh, PW 85204",11.029739874905443,76.9856693099161,+1-741-970-7418x666,08:00,22:00,4.59
37,Sri Medical Store #37,"PSC 4029, Box 5619, APO AA 18510",11.001861118594604,77.01667855629397,001-638-646-2690x51608,08:00,22:00,4.41
38,Apollo Pharmacy #38,"12143 Kennedy Isle Suite 301, Jonathanville, NJ 66716",10.989884160437114,77.03165550371928,001-569-981-9188x802,08:00,22:00,4.48
39,Sri Medical Store #39,"151 Margaret Coves Apt. 356, North Christopher, KS 75657",11.000379893344263,77.04063449416547,543-959-4394,08:00,22:00,4.34
40,HealthFirst Pharmacy #40,"USCGC Brown, FPO AP 16820",11.026623984687594,77.01342804705489,827.226.9719,08:00,22:00,4.95
41,NetMeds Partner #41,"643 Hunt Rapid Suite 945, Tinamouth, OR 30730",10.988024464535002,77.0449834182633,001-743-948-1795x18405,08:00,22:00,3.88
42,Apollo Pharmacy #42,"94673 Sharon Meadow Suite 921, Pachecoshire, ID 46401",11.04424988250509,77.0206670534126,001-741-444-6525x2645,08:00,22:00,4.24
43,HealthFirst Pharmacy #43,"PSC 7131, Box 0546, APO AA 35942",11.01570740648935,77.01298958286749,+1-392-699-9516x8732,08:00,22:00,4.47
44,CityCare Medicals #44,"715 Catherine Rapid Apt. 741, Nicoleborough, OH 32748",11.017408907468944,77.03794140849783,331.219.4264x155,08:00,22:00,3.83
45,WellCare Medical #45,"96299 Jasmine Island, Fordbury, PW 15744",11.007550292592445,77.02648995697184,001-381-602-8851x65880,08:00,22:00,4.86
46,NetMeds Partner #46,"191 Austin Orchard Apt. 008, Brittanyton, CO 20962",11.01046793262222,77.06075620064811,+1-357-636-0172,08:00,22:00,4.3
47,Apollo Pharmacy #47,"48337 Jesse Walk, Adkinsmouth, ID 05526",10.989031556223605,77.00528168030793,902-274-5210x1196,08:00,22:00,4.76
48,HealthFirst Pharmacy #48,"599 Patricia Summit Apt. 038, New Zachary, OH 08891",11.068485442572726,76.99935845050251,798-563-7154x9250,08:00,22:00,3.89
49,Sri Medical Store #49,"4073 Fields Mountains, Lake Kelly, IA 79932",11.030361911808372,76.99158853111162,+1-240-868-0853x72369,08:00,22:00,4.27
50,HealthFirst Pharmacy #50,"0470 Alexander Parkways Apt. 783, Sandraberg, AS 08549",10.999602547575567,77.00041604202453,262-565-5475,08:00,22:00,3.61
51,CarePlus Pharmacy #51,"2300 Scott Mall Suite 304, Christopherview, PA 02728",11.022811096509248,77.06024401685251,(576)231-3314,08:00,22:00,4.46
52,MedPlus #52,"1065 Kristin Islands Suite 029, Chavezberg, AK 94264",11.050886210614086,77.02103628172836,+1-565-661-6661x53991,08:00,22:00,3.92
53,MedPlus #53,"4109 Walter Stream Suite 724, South Melissa, IN 19502",10.989314724903538,77.0327447090096,(843)309-5326x916,08:00,22:00,4.04
54,Apollo Pharmacy #54,"8793 Rebecca Crest, Lewisland, MP 91503",11.026204332800399,77.03146237589752,(696)412-9553x51139,08:00,22:00,4.5
55,NetMeds Partner #55,"3699 Owens Run Suite 293, North Ericfurt, WV 54455",11.005946178652252,77.02710520887922,756-488-8503,08:00,22:00,3.99
56,WellCare Medical #56,"PSC 4199, Box 1733, APO AE 92934",11.012742578196075,77.05702553635713,(911)399-8881,08:00,22:00,4.25
57,CarePlus Pharmacy #57,"96270 Terry Crossing Apt. 798, South Christopherborough, MS 19629",10.998459523068888,77.06353136084462,7123929297,08:00,22:00,4.7
58,CarePlus Pharmacy #58,"59049 Crystal Drives Suite 335, Brooksville, WY 46925",11.018834226542587,76.99117517944741,9576407238,08:00,22:00,4.34
59,CarePlus Pharmacy #59,"Unit 6156 Box 4618, DPO AP 51479",11.047064681692136,77.02648741898975,403-666-1175,08:00,22:00,4.79
60,CityCare Medicals #60,"94084 Javier Centers, South Anthonytown, AS 03935",11.060308582022666,77.07065635571665,+1-583-723-0185x9181,08:00,22:00,3.84
61,CarePlus Pharmacy #61,"48000 Lawrence Hills Apt. 008, Port Keith, SC 14553",11.05605173533769,77.01726708869504,+1-520-809-9633x17841,08:00,22:00,3.54
62,Sri Medical Store #62,"5082 Bradley Square, Thompsonfort, KY 08585",11.002519984901072,76.98607941824122,001-892-587-5808x9559,08:00,22:00,4.57
63,CityCare Medicals #63,"Unit 3567 Box 3208, DPO AA 36563",11.02325789285743,77.03102144528978,001-922-902-7995,08:00,22:00,4.0
64,Sri Medical Store #64,"92797 Haney Square Apt. 459, Sarahton, PW 37556",11.06562493323739,77.06077587628904,948-287-3490,08:00,22:00,4.66
65,WellCare Medical #65,"8022 Anne Lock, West Jacob, VT 97169",11.005119253970665,76.98700066112121,(658)347-2161x82892,08:00,22:00,3.54
66,CarePlus Pharmacy #66,"60577 Martin Canyon Apt. 369, Port Kimberly, VA 44720",10.998694145104336,77.00166337016086,+1-797-981-1796x9184,08:00,22:00,3.56
67,CityCare Medicals #67,"332 Salas Cliffs Apt. 001, New Douglaston, ID 56424",11.02785468443621,77.03796969869467,979.599.8815x05304,08:00,22:00,4.11
68,MedPlus #68,"18405 Kathleen Loop Apt. 582, Boyerbury, SC 42374",10.98560751084496,77.03564514912632,292-314-6224x37994,08:00,22:00,4.1
69,Community Pharmacy #69,"406 Gray Divide, Bradshawstad, AK 67627",11.039223968998892,77.04910488594692,001-689-912-0980,08:00,22:00,4.56
70,WellCare Medical #70,"1891 Amanda Locks, West Andrew, PR 10574",11.011243219651895,77.0657808047494,001-392-366-5430x98870,08:00,22:00,3.91
71,Community Pharmacy #71,"2804 Carl Orchard Suite 777, Port Tiffanyfort, WI 16498",11.045524373692691,77.00392611876036,001-853-965-8721x964,08:00,22:00,4.25
72,Sri Medical Store #72,"35206 Butler Stream, Jerryfort, PA 48027",11.06601398065516,77.00360683716453,+1-370-373-9150x4069,08:00,22:00,4.27
73,Apollo Pharmacy #73,"08578 Wright Stream, Jameston, TN 14913",11.06985996121119,77.06098075432323,7329712849,08:00,22:00,4.76
74,WellCare Medical #74,"587 Pineda Islands Apt. 032, Annahaven, NH 22024",11.005502527655084,77.06293665549616,346.924.4883,08:00,22:00,4.81
75,NetMeds Partner #75,"8405 Cory Underpass Suite 833, Nguyenport, MS 35472",11.043015214369092,77.03339922720549,(900)563-4438,08:00,22:00,3.54
76,WellCare Medical #76,"8090 Keith Street Suite 019, Hernandezburgh, CA 57524",11.047861025270471,76.98274605929308,(824)200-4992,08:00,22:00,3.68
77,CarePlus Pharmacy #77,"19712 Stephen Ferry, Laurenberg, WV 52440",11.064459727122058,77.00499548884072,(851)405-8803x52664,08:00,22:00,3.65
78,NetMeds Partner #78,"89613 Zachary Burg Suite 851, East Anthonyville, VA 13617",11.059003216447962,77.0052735398356,+1-251-237-6878x6231,08:00,22:00,3.67
79,NetMeds Partner #79,"829 Anderson Keys Apt. 028, North Lindsaybury, VT 35212",11.045156095825275,76.99763479939863,(783)629-4797x7633,08:00,22:00,3.76
80,Apollo Pharmacy #80,"4339 Bridget Trafficway Suite 719, Christinachester, MP 22327",11.028889930576492,76.99556916350922,668-974-8893x86776,08:00,22:00,3.87
81,HealthFirst Pharmacy #81,"6848 Grace Port, New Anthony, TX 83962",11.058460810128034,77.05065713161329,675-584-9858x113,08:00,22:00,4.13
82,MedPlus #82,"10386 Simmons Fields, East Joshuastad, MP 49179",11.006147819667271,77.06412947914787,(612)935-0629x28723,08:00,22:00,4.69
83,MedPlus #83,"2716 Patrick Meadows Suite 881, Manningmouth, IL 16313",11.052775252352765,77.0397214808739,001-303-396-8028x50210,08:00,22:00,4.98
84,Community Pharmacy #84,"Unit 1082 Box 7893, DPO AE 91002",10.984946702010117,76.98187938962191,2017695552,08:00,22:00,4.3
85,Sri Medical Store #85,"31922 Mendez Road Suite 637, Edwardsbury, GA 56071",10.988580465962634,77.01880317501538,+1-778-244-8185,08:00,22:00,4.31
86,LifeLine Pharmacy #86,"PSC 1355, Box 3930, APO AP 60607",10.989454825952922,76.9869324782163,248-502-9027x3725,08:00,22:00,3.62
87,CityCare Medicals #87,"USNS James, FPO AP 70587",11.06380523767256,76.99367571206191,(370)345-4983x057,08:00,22:00,4.65
88,MedPlus #88,"Unit 1828 Box 8548, DPO AP 11051",11.056091239564447,77.0290592578839,001-756-890-2233x606,08:00,22:00,4.58
89,Community Pharmacy #89,"186 Wallace Villages Apt. 093, Adamville, GA 34004",11.04952199245795,77.00885439104707,+1-289-291-8131x95351,08:00,22:00,4.29
90,Apollo Pharmacy #90,"733 Montes Walks Suite 342, North Brendahaven, WY 52505",11.035313238779647,77.0146838541631,343-475-0969,08:00,22:00,4.23
91,WellCare Medical #91,"700 Rebecca Way Suite 623, East Ethan, SD 52180",11.057987599751275,77.01313769717288,(248)533-5964x21858,08:00,22:00,4.41
92,LifeLine Pharmacy #92,"43982 Brandon Falls Apt. 254, Ryanborough, GA 50523",11.038288685609729,77.04871212708902,(997)493-9301x544,08:00,22:00,4.54
93,NetMeds Partner #93,"860 Smith Underpass, Jamieton, AR 97373",10.98487542003354,77.0451709795032,(609)663-4808,08:00,22:00,3.87
94,Apollo Pharmacy #94,"9965 Nielsen Square, South Jacqueline, WA 83233",10.986334987109487,77.03289821126045,001-909-752-6764x352,08:00,22:00,4.01
95,CarePlus Pharmacy #95,"971 Hernandez Flats Suite 784, Perezburgh, NH 67954",11.017170744501902,77.026116457009,576-637-0359x855,08:00,22:00,4.25
96,WellCare Medical #96,"367 Guzman Oval, Chaneyville, NE 66576",10.983412864641217,77.02145430436944,619-856-2839x4796,08:00,22:00,4.2
97,WellCare Medical #97,"16603 Garrett Squares Suite 093, South Scottview, HI 92135",11.003846143786031,76.99790952421498,938.391.6485,08:00,22:00,3.98
98,NetMeds Partner #98,"04629 Green Lakes Suite 286, Davisborough, AL 74068",11.051056183739634,77.05504179303965,271.997.5042,08:00,22:00,4.81
99,WellCare Medical #99,"2066 Peggy Mall, Markport, MO 74133",11.027783215641849,77.01695037672964,640-709-8337,08:00,22:00,4.08
100,WellCare Medical #100,"05229 Todd Mission Apt. 835, East Bryanchester, SD 71551",11.047344226633266,76.99551511009412,824-943-7113,08:00,22:00,4.02
